key,value
n,64
dofs,4096
source_kind,gaussian
strength,100.0
grid_size_h,0.015384615384615385
grid_cell_area,0.0002366863905325444
heat_source_active_points,4096
heat_source_active_area,0.9694674556213019
heat_source_integral,2.2619467105846494
solver,direct
cg_iterations,
elapsed_seconds,0.005503583000972867
absolute_residual,3.768674941745247e-11
relative_residual,5.451915758743888e-14
matrix_nnz,20224
t_min,0.0005854915921139443
t_max,0.7681823780290373
