key,value
n,64
dofs,4096
source_kind,two_gaussian
strength,100.0
grid_size_h,0.015384615384615385
grid_cell_area,0.0002366863905325444
heat_source_active_points,4096
heat_source_active_area,0.9694674556213019
heat_source_integral,4.523893205986146
solver,direct
cg_iterations,
elapsed_seconds,0.01165983290411532
absolute_residual,6.064294308388944e-11
relative_residual,6.20284374354929e-14
matrix_nnz,20224
t_min,0.0009791406533211817
t_max,0.9362490135025308
